Queries,Number of Overlapping Results,Percent Overlap,Spearman Coefficient
Query 1,2,20.0,-60.0
Query 2,2,20.0,0.0
Query 3,0,0.0,0
Query 4,0,0.0,0
Query 5,0,0.0,0
Query 6,3,30.0,-4.25
Query 7,2,20.0,-64.0
Query 8,1,10.0,1
Query 9,0,0.0,0
Query 10,1,10.0,0
Query 11,4,40.0,-1.0
Query 12,1,10.0,0
Query 13,1,10.0,0
Query 14,2,20.0,-3.0
Query 15,0,0.0,0
Query 16,1,10.0,0
Query 17,1,10.0,0
Query 18,0,0.0,0
Query 19,3,30.0,-5.5
Query 20,3,30.0,-6.5
Query 21,3,30.0,-2.25
Query 22,0,0.0,0
Query 23,1,10.0,0
Query 24,1,10.0,0
Query 25,2,20.0,-40.0
Query 26,4,40.0,-0.5
Query 27,1,10.0,0
Query 28,3,30.0,0.5
Query 29,0,0.0,0
Query 30,1,10.0,0
Query 31,2,20.0,-24.0
Query 32,0,0.0,0
Query 33,1,10.0,1
Query 34,1,10.0,0
Query 35,0,0.0,0
Query 36,0,0.0,0
Query 37,1,10.0,0
Query 38,5,50.0,-2.7
Query 39,2,20.0,-15.0
Query 40,0,0.0,0
Query 41,2,20.0,-4.0
Query 42,0,0.0,0
Query 43,3,30.0,-19.0
Query 44,1,10.0,0
Query 45,0,0.0,0
Query 46,1,10.0,0
Query 47,0,0.0,0
Query 48,0,0.0,0
Query 49,2,20.0,-3.0
Query 50,1,10.0,0
Query 51,1,10.0,0
Query 52,1,10.0,0
Query 53,1,10.0,0
Query 54,2,20.0,-9.0
Query 55,0,0.0,0
Query 56,2,20.0,-1.0
Query 57,1,10.0,0
Query 58,0,0.0,0
Query 59,1,10.0,0
Query 60,0,0.0,0
Query 61,3,30.0,-5.75
Query 62,3,30.0,-4.0
Query 63,2,20.0,-31.0
Query 64,2,20.0,-1.0
Query 65,2,20.0,-28.0
Query 66,2,20.0,-1.0
Query 67,1,10.0,1
Query 68,3,30.0,-2.0
Query 69,0,0.0,0
Query 70,0,0.0,0
Query 71,1,10.0,0
Query 72,2,20.0,-9.0
Query 73,2,20.0,-4.0
Query 74,0,0.0,0
Query 75,2,20.0,-67.0
Query 76,1,10.0,0
Query 77,1,10.0,0
Query 78,2,20.0,1.0
Query 79,1,10.0,0
Query 80,1,10.0,0
Query 81,2,20.0,-3.0
Query 82,0,0.0,0
Query 83,0,0.0,0
Query 84,1,10.0,0
Query 85,2,20.0,-49.0
Query 86,3,30.0,-0.25
Query 87,3,30.0,-12.5
Query 88,0,0.0,0
Query 89,2,20.0,-1.0
Query 90,0,0.0,0
Query 91,2,20.0,-4.0
Query 92,0,0.0,0
Query 93,3,30.0,-7.75
Query 94,2,20.0,-35.0
Query 95,0,0.0,0
Query 96,1,10.0,0
Query 97,2,20.0,-35.0
Query 98,3,30.0,-1.75
Query 99,0,0.0,0
Query 100,0,0.0,0
Averages,,13.1,-5.622000000000001
